{"app":{"selectors":[{"type":"display-language","htmlTag":"languageselector","theme":"general","options":["ar","en","ru","zh_Hans_CN","zh_Hant_TW"],"defaultValue":"en","respectOrder":["user-input","auto-detection"],"webTransitionMappings":[{"localeId":"de","location":"?lang=de"},{"localeId":"en","location":"?lang=en"},{"localeId":"ja","location":"?lang=jp"},{"localeId":"zh_Hant_TW","location":"?lang=zh-Hant-TW"},{"localeId":"ar","location":"?lang=ar"},{"localeId":"ru","location":"?lang=ru"},{"localeId":"zh_Hans_CN","location":"?lang=zh-Hans-CN"}],"isWebTransitionReloadPage":false,"locales":[{"id":"ar","displayName":"العربية","platformLocale":"ar","additionalProperties":[{"key":"direction","value":"rtl"}]},{"id":"en","displayName":"English","platformLocale":"en","additionalProperties":[{"key":"direction","value":"ltr"}]},{"id":"ru","displayName":"русский","platformLocale":"ru","additionalProperties":[{"key":"direction","value":"ltr"}]},{"id":"zh_Hans_CN","displayName":"简体中文 (中国)","platformLocale":"zh-Hans-CN","additionalProperties":[{"key":"direction","value":"ltr"}]},{"id":"zh_Hant_TW","displayName":"繁體中文 (台灣)","platformLocale":"zh-Hant-TW","additionalProperties":[{"key":"direction","value":"ltr"}]}]}]}}